{"train_loss": 0.15055984258651733, "epoch": 4, "trainer/global_step": 13719, "_runtime": 8120, "_timestamp": 1655173194, "_step": 17, "val_loss": 0.1662633717060089}